Company Name, Stock Symbol
3-D SYS CORP DEL COM NEW,DDD
3M CO COM,MMM
ABBOTT LABS COM,ABT
ABBVIE INC COM,ABBV
ABERCROMBIE & FITCH CO CL A,ANF
ACADIA PHARMACEUTICALS INC COM,ACAD
ACCENTURE PLC IRELAND SHS CLASS A,ACN
ACTIVISION BLIZZARD INC COM,ATVI
ADOBE SYSTEMS INCORPORATED COM,ADBE
ADVANCED MICRO DEVICES INC COM,AMD
AFLAC INC COM,AFL
AGNC INVT CORP COM,AGNC
AIRBNB INC COM CL A,ABNB
AKAMAI TECHNOLOGIES INC COM,AKAM
ALCOA CORP COM,AA
ALEXION PHARMACEUTICALS INC COM,ALXN
ALIBABA GROUP HLDG LTD SPONSORED ADS,BABA
ALIGN TECHNOLOGY INC COM,ALGN
ALLIANCE DATA SYSTEMS CORP COM,ADS
ALPHA PRO TECH LTD COM,APT
ALPHABET INC CAP STK CL A,GOOGL
ALPHABET INC CAP STK CL C,GOOG
ALPS ETF TR ALERIAN MLP,AMLP
ALTRIA GROUP INC COM,MO
AMARIN CORP PLC SPONS ADR NEW,AMRN
AMAZON COM INC COM,AMZN
AMBARELLA INC SHS,AMBA
AMC ENTMT HLDGS INC CL A COM,AMC
AMERICAN AIRLS GROUP INC COM,AAL
AMERICAN EAGLE OUTFITTERS INC COM,AEO
AMERICAN EXPRESS CO COM,AXP
AMERICAN INTL GROUP INC COM NEW,AIG
AMERICAN TOWER CORP NEW COM,AMT
AMERISOURCEBERGEN CORP COM,ABC
AMGEN INC COM,AMGN
ANALOG DEVICES INC COM,ADI
ANHEUSER BUSCH INBEV SA/NV SPONSORED ADR,BUD
ANNALY CAPITAL MANAGEMENT INC COM,NLY
ANTHEM INC COM,ANTM
APACHE CORP COM,APA
APHRIA INC COM,APHA
APOLLO GLOBAL MGMT INC COM CL A,APO
APPLE INC COM,AAPL
APPLIED MATLS INC COM,AMAT
APPLIED OPTOELECTRONICS INC COM,AAOI
ARCELORMITTAL SA LUXEMBOURG NY REGISTRY SH,MT
ARCHER DANIELS MIDLAND CO COM,ADM
ARISTA NETWORKS INC COM,ANET
ASML HOLDING N V N Y REGISTRY SHS,ASML
ASTRAZENECA PLC SPONSORED ADR,AZN
AT&T INC COM,T
ATLASSIAN CORP PLC CL A,TEAM
AURORA CANNABIS INC COM,ACB
AUTODESK INC COM,ADSK
AUTOMATIC DATA PROCESSING INC COM,ADP
AUTOZONE INC COM,AZO
BAIDU INC SPON ADR REP A,BIDU
BANK NEW YORK MELLON CORP COM,BK
BARCLAYS BANK PLC IPTH SR B S&P,VXX
BARRICK GOLD CORP COM,GOLD
BAUSCH HEALTH COS INC COM,BHC
BAXTER INTL INC COM,BAX
BECTON DICKINSON & CO COM,BDX
BED BATH & BEYOND INC COM,BBBY
BERKSHIRE HATHAWAY INC DEL CL B NEW,BRK.B
BEST BUY INC COM,BBY
BEYOND MEAT INC COM,BYND
BIOGEN INC COM,BIIB
BIONTECH SE SPONSORED ADS,BNTX
BK OF AMERICA CORP COM,BAC
BLACKBERRY LTD COM,BB
BLACKROCK INC COM,BLK
BLACKSTONE GROUP INC COM CL A,BX
BLINK CHARGING CO COM,BLNK
BOEING CO COM,BA
BOOKING HOLDINGS INC COM,BKNG
BOSTON SCIENTIFIC CORP COM,BSX
BP PLC SPONSORED ADR,BP
BRISTOL-MYERS SQUIBB CO COM,BMY
BROADCOM INC COM,AVGO
BURLINGTON STORES INC COM,BURL
CABOT OIL & GAS CORP COM,COG
CAESARS ENTERTAINMENT INC NEW COM,CZR
CAMECO CORP COM,CCJ
CAMPBELL SOUP CO COM,CPB
CAMPING WORLD HLDGS INC CL A,CWH
CANADA GOOSE HLDGS INC SHS SUB VTG,GOOS
CANADIAN SOLAR INC COM,CSIQ
CANOPY GROWTH CORP COM,CGC
CAPITAL ONE FINL CORP COM,COF
CAPRI HOLDINGS LIMITED SHS,CPRI
CARDINAL HEALTH INC COM,CAH
CARMAX INC COM,KMX
CARNIVAL CORP PAIRED CTF,CCL
CARVANA CO CL A,CVNA
CATERPILLAR INC COM,CAT
CBOE GLOBAL MKTS INC COM,CBOE
CBOE Volatility Index,VIX
CENTENE CORP DEL COM,CNC
CENTERPOINT ENERGY INC COM,CNP
CF INDS HLDGS INC COM,CF
CHARTER COMMUNICATIONS INC NEW CL A,CHTR
CHEMOURS CO COM,CC
CHENIERE ENERGY INC COM NEW,LNG
CHEVRON CORP NEW COM,CVX
CHEWY INC CL A,CHWY
CHIPOTLE MEXICAN GRILL INC COM,CMG
CIENA CORP COM NEW,CIEN
CIGNA CORP NEW COM,CI
CIRRUS LOGIC INC COM,CRUS
CISCO SYS INC COM,CSCO
CITIGROUP INC COM NEW,C
CITRIX SYS INC COM,CTXS
CLEVELAND-CLIFFS INC NEW COM,CLF
CLOROX CO DEL COM,CLX
CLOUDERA INC COM,CLDR
CLOUDFLARE INC CL A COM,NET
CLOVIS ONCOLOGY INC COM,CLVS
CME GROUP INC COM,CME
CO-DIAGNOSTICS INC COM,CODX
COCA COLA CO COM,KO
COGNIZANT TECHNOLOGY SOLUTIONS CL A,CTSH
COLGATE PALMOLIVE CO COM,CL
COMCAST CORP NEW CL A,CMCSA
COMMUNITY HEALTH SYS INC NEW COM,CYH
CONAGRA BRANDS INC COM,CAG
CONCHO RES INC COM,CXO
CONOCOPHILLIPS COM,COP
CONSOLIDATED EDISON INC COM,ED
CONSTELLATION BRANDS INC CL A,STZ
CONSTELLIUM SE CL A SHS,CSTM
CONTINENTAL RES INC COM,CLR
CORNING INC COM,GLW
COSTCO WHSL CORP NEW COM,COST
COTY INC COM CL A,COTY
COUPA SOFTWARE INC COM,COUP
CREE INC COM,CREE
CRISPR THERAPEUTICS AG NAMEN AKT,CRSP
CRONOS GROUP INC COM,CRON
CROWDSTRIKE HLDGS INC CL A,CRWD
CSX CORP COM,CSX
CUMMINS INC COM,CMI
CVS HEALTH CORP COM,CVS
CYBERARK SOFTWARE LTD SHS,CYBR
D R HORTON INC COM,DHI
DATADOG INC CL A COM,DDOG
DAVE & BUSTERS ENTMT INC COM,PLAY
DAVITA INC COM,DVA
DBX ETF TR XTRACK HRVST CSI,ASHR
DEERE & CO COM,DE
DELTA AIR LINES INC DEL COM NEW,DAL
DEUTSCHE BANK A G NAMEN AKT,DB
DEVON ENERGY CORP NEW COM,DVN
DICKS SPORTING GOODS INC COM,DKS
DIREXION SHS ETF TR BRZ BL 2X SHS,BRZU
DIREXION SHS ETF TR DAILY FINL BEAR,FAZ
DIREXION SHS ETF TR DAILY GOLD MINER,DUST
DIREXION SHS ETF TR DAILY JR GLD MIN,JNUG
DIREXION SHS ETF TR DAILY S&P BIOTEC,LABD
DIREXION SHS ETF TR DAILY SM CP BEAR,TZA
DIREXION SHS ETF TR DAILY TECHNOLOGY,TECS
DIREXION SHS ETF TR DL FTSE BLL 3X,YINN
DIREXION SHS ETF TR DLY ENRGY BULL2X,ERX
DIREXION SHS ETF TR DLY FIN BULL NEW,FAS
DIREXION SHS ETF TR DLY GOLD INDX 2X,NUGT
DIREXION SHS ETF TR DLY JR GOLD 2X,JDST
DIREXION SHS ETF TR DLY SMCAP BULL3X,TNA
DIREXION SHS ETF TR SP BIOTCH BL NEW,LABU
DISCOVER FINL SVCS COM,DFS
DISH NETWORK CORPORATION CL A,DISH
DISNEY WALT CO COM,DIS
DOCUSIGN INC COM,DOCU
DOLLAR GEN CORP NEW COM,DG
DOLLAR TREE INC COM,DLTR
DOMINOS PIZZA INC COM,DPZ
DOORDASH INC CL A,DASH
DOW INC COM,DOW
DRAFTKINGS INC COM CL A,DKNG
DROPBOX INC CL A,DBX
DUPONT DE NEMOURS INC COM,DD
Dow Jones Industrial Average,DJX
EASTMAN KODAK CO COM NEW,KODK
EATON CORP PLC SHS,ETN
EBAY INC. COM,EBAY
EDITAS MEDICINE INC COM,EDIT
EDWARDS LIFESCIENCES CORP COM,EW
ELECTRONIC ARTS INC COM,EA
EMERSON ELEC CO COM,EMR
ENDO INTL PLC SHS,ENDP
ENERGY TRANSFER LP COM UT LTD PTN,ET
ENTERPRISE PRODS PARTNERS L P COM,EPD
EOG RES INC COM,EOG
ETF SER SOLUTIONS US GLB JETS,JETS
ETSY INC COM,ETSY
EXACT SCIENCES CORP COM,EXAS
EXPEDIA GROUP INC COM NEW,EXPE
EXXON MOBIL CORP COM,XOM
F5 NETWORKS INC COM,FFIV
FACEBOOK INC CL A,FB
FASTLY INC CL A,FSLY
FEDEX CORP COM,FDX
FERRARI N V COM,RACE
FIAT CHRYSLER AUTOMOBILES N V SHS,FCAU
FIREEYE INC COM,FEYE
FIRST MAJESTIC SILVER CORP COM,AG
FIRST SOLAR INC COM,FSLR
FISERV INC COM,FISV
FISKER INC CL A COM STK,FSR
FITBIT INC CL A,FIT
FIVE BELOW INC COM,FIVE
FLEX LTD ORD,FLEX
FLUOR CORP NEW COM,FLR
FOOT LOCKER INC COM,FL
FORD MTR CO DEL COM,F
FOSSIL GROUP INC COM,FOSL
FOX CORP CL A COM,FOXA
FREEPORT-MCMORAN INC CL B,FCX
FUBOTV INC COM,FUBO
GAMESTOP CORP NEW CL A,GME
GAP INC COM,GPS
GENERAL DYNAMICS CORP COM,GD
GENERAL ELECTRIC CO COM,GE
GENERAL MTRS CO COM,GM
GENIUS BRANDS INTL INC COM,GNUS
GENWORTH FINL INC COM CL A,GNW
GILEAD SCIENCES INC COM,GILD
GLAXOSMITHKLINE PLC SPONSORED ADR,GSK
GLOBAL X FDS MSCI GREECE ETF,GREK
GOLDMAN SACHS GROUP INC COM,GS
GOODYEAR TIRE & RUBR CO COM,GT
GOPRO INC CL A,GPRO
GREENPOWER MTR CO INC COM NEW,GP
GROUPON INC COM NEW,GRPN
GROWGENERATION CORP COM,GRWG
GRUBHUB INC COM,GRUB
GSX TECHEDU INC SPONSORED ADS,GSX
HALLIBURTON CO COM,HAL
HANESBRANDS INC COM,HBI
HARLEY DAVIDSON INC COM,HOG
HARTFORD FINL SVCS GROUP INC COM,HIG
HASBRO INC COM,HAS
HCA HEALTHCARE INC COM,HCA
HECLA MNG CO COM,HL
HERBALIFE NUTRITION LTD COM SHS,HLF
HERSHEY CO COM,HSY
HESS CORP COM,HES
HEWLETT PACKARD ENTERPRISE CO COM,HPE
HIMAX TECHNOLOGIES INC SPONSORED ADR,HIMX
HOLLYFRONTIER CORP COM,HFC
HOME DEPOT INC COM,HD
HONEYWELL INTL INC COM,HON
HORMEL FOODS CORP COM,HRL
HP INC COM,HPQ
HSBC HLDGS PLC SPON ADR NEW,HSBC
HUMANA INC COM,HUM
HUYA INC ADS REP SHS A,HUYA
HYLIION HOLDINGS CORP COMMON STOCK,HYLN
ILLINOIS TOOL WKS INC COM,ITW
ILLUMINA INC COM,ILMN
INFINERA CORP COM,INFN
INOVIO PHARMACEUTICALS INC COM NEW,INO
INTEL CORP COM,INTC
INTERNATIONAL BUSINESS MACHS COM,IBM
INTERNATIONAL PAPER CO COM,IP
INTUIT COM,INTU
INTUITIVE SURGICAL INC COM NEW,ISRG
INVESCO CURRENCYSHARES EURO TR EURO SHS,FXE
INVESCO CURRENCYSHARES JAPANES JAPANESE YEN,FXY
INVESCO DB US DLR INDEX TR BULLISH FD,UUP
INVESCO EXCH TRADED FD TR II SOLAR ETF,TAN
INVESCO QQQ TR UNIT SER 1,QQQ
IQIYI INC SPONSORED ADS,IQ
IROBOT CORP COM,IRBT
ISHARES GOLD TRUST ISHARES,IAU
ISHARES INC MSCI BRAZIL ETF,EWZ
ISHARES INC MSCI HONG KG ETF,EWH
ISHARES INC MSCI JPN ETF NEW,EWJ
ISHARES INC MSCI MEXICO ETF,EWW
ISHARES INC MSCI STH KOR ETF,EWY
ISHARES SILVER TR ISHARES,SLV
ISHARES TR 1 3 YR TREAS BD,SHY
ISHARES TR 20 YR TR BD ETF,TLT
ISHARES TR BARCLAYS 7 10 YR,IEF
ISHARES TR CHINA LG-CAP ETF,FXI
ISHARES TR CORE S&P500 ETF,IVV
ISHARES TR IBOXX HI YD ETF,HYG
ISHARES TR IBOXX INV CP ETF,LQD
ISHARES TR MSCI EAFE ETF,EFA
ISHARES TR MSCI EMG MKT ETF,EEM
ISHARES TR MSCI INDIA ETF,INDA
ISHARES TR MSCI UK ETF NEW,EWU
ISHARES TR NASDAQ BIOTECH,IBB
ISHARES TR RUS 1000 GRW ETF,IWF
ISHARES TR RUSSELL 2000 ETF,IWM
ISHARES TR U.S. REAL ES ETF,IYR
ISHARES TR US HOME CONS ETF,ITB
JABIL INC COM,JBL
JD.COM INC SPON ADR CL A,JD
JOHNSON & JOHNSON COM,JNJ
JOHNSON CTLS INTL PLC SHS,JCI
JOYY INC ADS REPSTG COM A,YY
JPMORGAN CHASE & CO COM,JPM
JUNIPER NETWORKS INC COM,JNPR
KANSAS CITY SOUTHERN COM NEW,KSU
KEYCORP COM,KEY
KIMBERLY-CLARK CORP COM,KMB
KINDER MORGAN INC DEL COM,KMI
KINROSS GOLD CORP COM,KGC
KKR & CO INC COM,KKR
KLA CORP COM NEW,KLAC
KOHLS CORP COM,KSS
KRAFT HEINZ CO COM,KHC
KROGER CO COM,KR
L BRANDS INC COM,LB
LAM RESEARCH CORP COM,LRCX
LAS VEGAS SANDS CORP COM,LVS
LEMONADE INC COM,LMND
LENNAR CORP CL A,LEN
LI AUTO INC SPONSORED ADS,LI
LIBERTY GLOBAL PLC SHS CL A,LBTYA
LIBERTY GLOBAL PLC SHS CL C,LBTYK
LILLY ELI & CO COM,LLY
LOCKHEED MARTIN CORP COM,LMT
LORDSTOWN MOTORS CORP COM CL A,RIDE
LOWES COS INC COM,LOW
LULULEMON ATHLETICA INC COM,LULU
LUMBER LIQUIDATORS HLDGS INC COM,LL
LUMEN TECHNOLOGIES INC COM,LUMN
LUMENTUM HLDGS INC COM,LITE
LUMINAR TECHNOLOGIES INC COM CL A,LAZR
LYFT INC CL A COM,LYFT
LYONDELLBASELL INDUSTRIES N V SHS - A -,LYB
MACYS INC COM,M
MANNKIND CORP COM NEW,MNKD
MARATHON OIL CORP COM,MRO
MARATHON PETE CORP COM,MPC
MARRIOTT INTL INC NEW CL A,MAR
MARVELL TECHNOLOGY GROUP LTD ORD,MRVL
MASTERCARD INCORPORATED CL A,MA
MATCH GROUP INC NEW COM,MTCH
MATTEL INC COM,MAT
MCDONALDS CORP COM,MCD
MCKESSON CORP COM,MCK
MEDTRONIC PLC SHS,MDT
MERCADOLIBRE INC COM,MELI
MERCK & CO. INC COM,MRK
METLIFE INC COM,MET
MGM RESORTS INTERNATIONAL COM,MGM
MICROCHIP TECHNOLOGY INC. COM,MCHP
MICRON TECHNOLOGY INC COM,MU
MICROSOFT CORP COM,MSFT
MODERNA INC COM,MRNA
MOLSON COORS BEVERAGE CO CL B,TAP
MOMO INC ADR,MOMO
MONDELEZ INTL INC CL A,MDLZ
MONGODB INC CL A,MDB
MONSTER BEVERAGE CORP NEW COM,MNST
MORGAN STANLEY COM NEW,MS
MOSAIC CO NEW COM,MOS
MSCI Emerging Markets Index,MXEF
MSCI Emerging Markets Index,MXEA
Mini-SPX,XSP
NANO X IMAGING LTD ORD SHS,NNOX
NASDAQ 100 Index,NDX
NATIONAL OILWELL VARCO INC COM,NOV
NAVISTAR INTL CORP NEW COM,NAV
NEKTAR THERAPEUTICS COM,NKTR
NETAPP INC COM,NTAP
NETEASE INC SPONSORED ADS,NTES
NETFLIX INC COM,NFLX
NEWAGE INC COM,NBEV
NEWMONT CORP COM,NEM
NIKE INC CL B,NKE
NIKOLA CORP COM,NKLA
NIO INC SPON ADS,NIO
NOKIA CORP SPONSORED ADR,NOK
NORDSTROM INC COM,JWN
NORFOLK SOUTHN CORP COM,NSC
NORTHROP GRUMMAN CORP COM,NOC
NORWEGIAN CRUISE LINE HLDG LTD SHS,NCLH
NOVAVAX INC COM NEW,NVAX
NRG ENERGY INC COM NEW,NRG
NUCOR CORP COM,NUE
NUTANIX INC CL A,NTNX
NUTRIEN LTD COM,NTR
NVIDIA CORPORATION COM,NVDA
NXP SEMICONDUCTORS N V COM,NXPI
OCCIDENTAL PETE CORP COM,OXY
OKTA INC CL A,OKTA
OLIN CORP COM PAR $1,OLN
ON SEMICONDUCTOR CORP COM,ON
ONEOK INC NEW COM,OKE
OPKO HEALTH INC COM,OPK
ORACLE CORP COM,ORCL
OVERSTOCK COM INC DEL COM,OSTK
PALANTIR TECHNOLOGIES INC CL A,PLTR
PALO ALTO NETWORKS INC COM,PANW
PAPA JOHNS INTL INC COM,PZZA
PAYPAL HLDGS INC COM,PYPL
PELOTON INTERACTIVE INC CL A COM,PTON
PENN NATL GAMING INC COM,PENN
PEPSICO INC COM,PEP
PETROLEO BRASILEIRO SA PETROBR SPONSORED ADR,PBR
PFIZER INC COM,PFE
PG&E CORP COM,PCG
PHILIP MORRIS INTL INC COM,PM
PHILLIPS 66 COM,PSX
PINDUODUO INC SPONSORED ADS,PDD
PINTEREST INC CL A,PINS
PIONEER NAT RES CO COM,PXD
PLAINS ALL AMERN PIPELINE L P UNIT LTD PARTN,PAA
PLUG POWER INC COM NEW,PLUG
PNC FINL SVCS GROUP INC COM,PNC
PPG INDS INC COM,PPG
PROCTER AND GAMBLE CO COM,PG
PROSHARES TR II SHT VIX ST TRM,SVXY
PROSHARES TR II ULTA BLMBG 2017,UCO
PROSHARES TR II ULTRA VIX SHORT,UVXY
PROSHARES TR II VIX SH TRM FUTRS,VIXY
PROSHARES TR PSHS ULT S&P 500,SSO
PROSHARES TR PSHS ULTSH 20YRS,TBT
PROSHARES TR ULTRAPRO QQQ,TQQQ
PROSHARES TR ULTRAPRO SHORT S,SPXU
PROSHARES TR ULTRAPRO SHT QQQ,SQQQ
PROSHARES TR ULTRASHRT S&P500,SDS
PROSHARES TR ULTRPRO S&P500,UPRO
PULTE GROUP INC COM,PHM
QUALCOMM INC COM,QCOM
QUANTUMSCAPE CORP COM CL A,QS
RANGE RES CORP COM,RRC
RAYTHEON TECHNOLOGIES CORP COM,RTX
REGENERON PHARMACEUTICALS COM,REGN
REVOLVE GROUP INC CL A,RVLV
RH COM,RH
RINGCENTRAL INC CL A,RNG
RIOT BLOCKCHAIN INC COM,RIOT
RITE AID CORP COM,RAD
ROCKET COS INC COM CL A,RKT
ROKU INC COM CL A,ROKU
ROSS STORES INC COM,ROST
ROYAL CARIBBEAN GROUP COM,RCL
ROYAL DUTCH SHELL PLC SPONS ADR A,RDS.A
Russell 2000 Index,RUT
S&P 100 index American-style,OEX
S&P 100 index European-style,XEO
S&P GLOBAL INC COM,SPGI
SAGE THERAPEUTICS INC COM,SAGE
SALESFORCE COM INC COM,CRM
SAREPTA THERAPEUTICS INC COM,SRPT
SCHLUMBERGER LTD COM,SLB
SCHWAB CHARLES CORP COM,SCHW
SCIENTIFIC GAMES CORP COM,SGMS
SEA LTD SPONSORD ADS,SE
SEAGATE TECHNOLOGY PLC SHS,STX
SEAWORLD ENTMT INC COM,SEAS
SELECT SECTOR SPDR TR COMMUNICATION,XLC
SELECT SECTOR SPDR TR ENERGY,XLE
SELECT SECTOR SPDR TR SBI CONS DISCR,XLY
SELECT SECTOR SPDR TR SBI CONS STPLS,XLP
SELECT SECTOR SPDR TR SBI HEALTHCARE,XLV
SELECT SECTOR SPDR TR SBI INT-FINL,XLF
SELECT SECTOR SPDR TR SBI INT-INDS,XLI
SELECT SECTOR SPDR TR SBI INT-UTILS,XLU
SELECT SECTOR SPDR TR SBI MATERIALS,XLB
SELECT SECTOR SPDR TR TECHNOLOGY,XLK
SERVICENOW INC COM,NOW
SHAKE SHACK INC CL A,SHAK
SHOPIFY INC CL A,SHOP
SIGNET JEWELERS LIMITED SHS,SIG
SIRIUS XM HOLDINGS INC COM,SIRI
SKECHERS U S A INC CL A,SKX
SKYWORKS SOLUTIONS INC COM,SWKS
SLACK TECHNOLOGIES INC COM CL A,WORK
SMILEDIRECTCLUB INC CL A COM,SDC
SNAP INC CL A,SNAP
SNOWFLAKE INC CL A,SNOW
SONY CORP SPONSORED ADR,SNE
SORRENTO THERAPEUTICS INC COM NEW,SRNE
SOUTHERN CO COM,SO
SOUTHWEST AIRLS CO COM,LUV
SOUTHWESTERN ENERGY CO COM,SWN
SPDR DOW JONES INDL AVERAGE ET UT SER 1,DIA
SPDR GOLD TR GOLD SHS,GLD
SPDR INDEX SHS FDS EURO STOXX 50,FEZ
SPDR S&P 500 ETF TR TR UNIT,SPY
SPDR S&P MIDCAP 400 ETF TR UTSER1 S&PDCRP,MDY
SPDR SER TR BLOOMBERG BRCLYS,JNK
SPDR SER TR S&P BIOTECH,XBI
SPDR SER TR S&P HOMEBUILD,XHB
SPDR SER TR S&P METALS MNG,XME
SPDR SER TR S&P OILGAS EXP,XOP
SPDR SER TR S&P REGL BKG,KRE
SPDR SER TR S&P RETAIL ETF,XRT
SPLUNK INC COM,SPLK
SPOTIFY TECHNOLOGY S A SHS,SPOT
SPX,SPX
SQUARE INC CL A,SQ
STAMPS COM INC COM NEW,STMP
STANLEY BLACK & DECKER INC COM,SWK
STARBUCKS CORP COM,SBUX
STITCH FIX INC COM CL A,SFIX
STONECO LTD COM CL A,STNE
STRATASYS LTD SHS,SSYS
SUNCOR ENERGY INC NEW COM,SU
SUNDIAL GROWERS INC COM,SNDL
SUNPOWER CORP COM,SPWR
SYNCHRONY FINANCIAL COM,SYF
SYSCO CORP COM,SYY
T-MOBILE US INC COM,TMUS
TAIWAN SEMICONDUCTOR MFG LTD SPONSORED ADS,TSM
TAKE-TWO INTERACTIVE SOFTWARE COM,TTWO
TANDEM DIABETES CARE INC COM NEW,TNDM
TAPESTRY INC COM,TPR
TARGET CORP COM,TGT
TATA MTRS LTD SPONSORED ADR,TTM
TECK RESOURCES LTD CL B,TECK
TELADOC HEALTH INC COM,TDOC
TENET HEALTHCARE CORP COM NEW,THC
TESLA INC COM,TSLA
TEVA PHARMACEUTICAL INDS LTD SPONSORED ADS,TEVA
TEXAS INSTRS INC COM,TXN
THE TRADE DESK INC COM CL A,TTD
TIFFANY & CO NEW COM,TIF
TILRAY INC COM CL 2,TLRY
TJX COS INC NEW COM,TJX
TOLL BROTHERS INC COM,TOL
TRACTOR SUPPLY CO COM,TSCO
TRANSOCEAN LTD REG SHS,RIG
TRIPADVISOR INC COM,TRIP
TWILIO INC CL A,TWLO
TWITTER INC COM,TWTR
TYSON FOODS INC CL A,TSN
UBER TECHNOLOGIES INC COM,UBER
ULTA BEAUTY INC COM,ULTA
UNDER ARMOUR INC CL A,UAA
UNDER ARMOUR INC CL C,UA
UNION PAC CORP COM,UNP
UNITED AIRLS HLDGS INC COM,UAL
UNITED PARCEL SERVICE INC CL B,UPS
UNITED RENTALS INC COM,URI
UNITED STATES STL CORP NEW COM,X
UNITED STS NAT GAS FD LP UNIT PAR,UNG
UNITED STS OIL FD LP UNITS,USO
UNITEDHEALTH GROUP INC COM,UNH
UNIVERSAL DISPLAY CORP COM,OLED
URBAN OUTFITTERS INC COM,URBN
US BANCORP DEL COM NEW,USB
V F CORP COM,VFC
VALE S A SPONSORED ADS,VALE
VALERO ENERGY CORP COM,VLO
VANECK VECTORS ETF TR GOLD MINERS ETF,GDX
VANECK VECTORS ETF TR JR GOLD MINERS E,GDXJ
VANECK VECTORS ETF TR OIL SVCS ETF,OIH
VANECK VECTORS ETF TR RUSSIA ETF,RSX
VANECK VECTORS ETF TR SEMICONDUCTOR ET,SMH
VANGUARD INTL EQUITY INDEX FDS FTSE EMR MKT ETF,VWO
VAXART INC COM NEW,VXRT
VERIZON COMMUNICATIONS INC COM,VZ
VERTEX PHARMACEUTICALS INC COM,VRTX
VIACOMCBS INC CL B,VIAC
VIATRIS INC COM,VTRS
VIPSHOP HOLDINGS LIMITED SPONSORED ADS A,VIPS
VIRGIN GALACTIC HOLDINGS INC COM,SPCE
VISA INC COM CL A,V
VMWARE INC CL A COM,VMW
VODAFONE GROUP PLC NEW SPONSORED ADR,VOD
WALGREENS BOOTS ALLIANCE INC COM,WBA
WALMART INC COM,WMT
WAYFAIR INC CL A,W
WEIBO CORP SPONSORED ADR,WB
WELLS FARGO CO NEW COM,WFC
WESTERN DIGITAL CORP. COM,WDC
WEYERHAEUSER CO MTN BE COM NEW,WY
WHEATON PRECIOUS METALS CORP COM,WPM
WHIRLPOOL CORP COM,WHR
WILLIAMS COS INC COM,WMB
WISDOMTREE TR INDIA ERNGS FD,EPI
WORKDAY INC CL A,WDAY
WORKHORSE GROUP INC COM NEW,WKHS
WW INTL INC COM,WW
WYNN RESORTS LTD COM,WYNN
XILINX INC COM,XLNX
XPENG INC ADS,XPEV
YAMANA GOLD INC COM,AUY
YANDEX N V SHS CLASS A,YNDX
YELP INC CL A,YELP
YETI HLDGS INC COM,YETI
YPF SOCIEDAD ANONIMA SPON ADR CL D,YPF
YUM BRANDS INC COM,YUM
ZILLOW GROUP INC CL C CAP STK,Z
ZOETIS INC CL A,ZTS
ZOOM VIDEO COMMUNICATIONS INC CL A,ZM
ZSCALER INC COM,ZS
ZYNGA INC CL A,ZNGA
